{
  "LED": [
    {
      "id": 1035,
      "name": "荷城迎宾LED",
      "x": 109.562723,
      "y": 23.114111
    },
    {
      "id": 1036,
      "name": "中山荷城路",
      "x": 109.592013,
      "y": 23.113381
    }
  ]
}
